ts,uid,id.orig_h,id.orig_p,id.resp_h,id.resp_p,trans_depth,method,host,uri,referrer,version,user_agent,origin,request_body_len,response_body_len,status_code,status_msg,info_code,info_msg,tags,username,password,proxied,orig_fuids,orig_filenames,orig_mime_types,resp_fuids,resp_filenames,resp_mime_types
1762166163.595479,CxUd0I30yvzs1GyZgh,192.168.7.205,60602,185.125.190.97,80,1,GET,connectivity-check.ubuntu.com,/,-,1.1,-,-,0,0,204,No Content,-,-,(empty),-,-,-,-,-,-,-,-,-
1762166265.045478,CXzQ5R30O1iNlrNwO5,192.168.7.205,41572,213.180.204.183,80,1,GET,ru.archive.ubuntu.com,/ubuntu/pool/main/s/siege/siege_4.0.7-1build3_amd64.deb,-,1.1,Debian APT-HTTP/1.3 (2.4.13) non-interactive,-,0,101992,200,OK,-,-,(empty),-,-,-,-,-,-,FGUiEAwdIYT4vztj6,-,application/x-debian-package
1762166286.226702,CuHTJ74I3RNFRffslb,192.168.7.101,61475,91.105.192.100,80,1,POST,91.105.192.100:80,/api,-,1.1,Mozilla/5.0,-,148,192,200,OK,-,-,(empty),-,-,-,FgTLIy1scIQ8hU8FRe,-,-,FT2WTq4dea7yN6JUwl,-,-
1762166343.498076,CodSd62Di6jeT6sv2b,192.168.7.205,40860,80.249.99.148,80,1,GET,ipv4.download.thinkbroadband.com,/100MB.zip,-,-,Wget/1.21.2,-,0,0,-,-,-,-,(empty),-,-,-,-,-,-,-,-,-
1762166344.606952,CwLB1a1BEZmUr33aX1,192.168.7.205,55006,80.249.99.148,80,1,GET,ipv4.download.thinkbroadband.com,/100MB.zip,-,-,Wget/1.21.2,-,0,0,-,-,-,-,(empty),-,-,-,-,-,-,-,-,-
1762166346.714952,Cnof144mXOlucSwXtg,192.168.7.205,55008,80.249.99.148,80,1,GET,ipv4.download.thinkbroadband.com,/100MB.zip,-,-,Wget/1.21.2,-,0,0,-,-,-,-,(empty),-,-,-,-,-,-,-,-,-
1762166349.828326,CPf0IOhgMVB7uFv87,192.168.7.205,55022,80.249.99.148,80,1,GET,ipv4.download.thinkbroadband.com,/100MB.zip,-,-,Wget/1.21.2,-,0,0,-,-,-,-,(empty),-,-,-,-,-,-,-,-,-
1762166353.941268,CNLzt61daRwXKtGiTg,192.168.7.205,45858,80.249.99.148,80,1,GET,ipv4.download.thinkbroadband.com,/100MB.zip,-,-,Wget/1.21.2,-,0,0,-,-,-,-,(empty),-,-,-,-,-,-,-,-,-
1762166359.048659,CXo21F1taRDOYjjscb,192.168.7.205,45874,80.249.99.148,80,1,GET,ipv4.download.thinkbroadband.com,/100MB.zip,-,-,Wget/1.21.2,-,0,0,-,-,-,-,(empty),-,-,-,-,-,-,-,-,-
1762166365.157602,C8ewLJ2SXtcAX38BEe,192.168.7.205,57572,80.249.99.148,80,1,GET,ipv4.download.thinkbroadband.com,/100MB.zip,-,-,Wget/1.21.2,-,0,0,-,-,-,-,(empty),-,-,-,-,-,-,-,-,-
1762166372.267152,CrYz3l4Z6nSP5EPlg1,192.168.7.205,57584,80.249.99.148,80,1,GET,ipv4.download.thinkbroadband.com,/100MB.zip,-,-,Wget/1.21.2,-,0,0,-,-,-,-,(empty),-,-,-,-,-,-,-,-,-
1762166380.378520,CUAVFw23aY2ptwJAXe,192.168.7.205,33338,80.249.99.148,80,1,GET,ipv4.download.thinkbroadband.com,/100MB.zip,-,-,Wget/1.21.2,-,0,0,-,-,-,-,(empty),-,-,-,-,-,-,-,-,-
1762166391.088784,Cu4QFk1M6xaMXQQwmh,192.168.7.205,52062,91.189.91.107,80,1,GET,releases.ubuntu.com,/22.04/ubuntu-22.04.3-desktop-amd64.iso,-,1.1,Wget/1.21.2,-,0,281,404,Not Found,-,-,(empty),-,-,-,-,-,-,Fd9WtW1sjOq30yFzni,-,text/html
1762166423.876220,Cg0VyC4YpV1mISpuSd,192.168.7.205,38164,80.249.99.148,80,1,GET,ipv4.download.thinkbroadband.com,/100MB.zip,-,-,Wget/1.21.2,-,0,0,-,-,-,-,(empty),-,-,-,-,-,-,-,-,-
1762166424.990212,CC12YK23TAYMzHeh0j,192.168.7.205,38174,80.249.99.148,80,1,GET,ipv4.download.thinkbroadband.com,/100MB.zip,-,-,Wget/1.21.2,-,0,0,-,-,-,-,(empty),-,-,-,-,-,-,-,-,-
1762166463.679141,CKdLrr4Vu11YkDXqSk,192.168.7.205,44244,91.189.91.97,80,1,GET,connectivity-check.ubuntu.com,/,-,1.1,-,-,0,0,204,No Content,-,-,(empty),-,-,-,-,-,-,-,-,-
1762166763.596280,CM1gpa2Q1O68keJmv,192.168.7.205,39666,185.125.190.18,80,1,GET,connectivity-check.ubuntu.com,/,-,1.1,-,-,0,0,204,No Content,-,-,(empty),-,-,-,-,-,-,-,-,-
1762166937.556064,CfGpOMa1aMiFAo7Hk,192.168.7.101,61597,149.154.167.222,80,1,POST,149.154.167.222:80,/api,-,1.1,Mozilla/5.0,-,172,112,200,OK,-,-,(empty),-,-,-,FlbYXM34zennM6dFjc,-,-,FV18U93KMR1kVjGcAd,-,-
1762167047.184374,C3FEjbud3KgA7FR84,192.168.7.101,50701,142.250.150.94,80,1,GET,c.pki.goog,/r/r1.crl,-,1.1,Microsoft-CryptoAPI/10.0,-,0,993,200,OK,-,-,(empty),-,-,-,-,-,-,F2rtj04jz78WHJP052,-,-
1762167047.306910,CR1rQtVmG1Vedbs55,192.168.7.101,50702,23.199.249.50,80,1,GET,x1.c.lencr.org,/,-,1.1,Microsoft-CryptoAPI/10.0,-,0,0,304,Not Modified,-,-,(empty),-,-,-,-,-,-,-,-,-
1762167047.413264,CPk5nh2y4LGuwjzdY2,192.168.7.101,50703,199.232.214.172,80,1,GET,ctldl.windowsupdate.com,/msdownload/update/v3/static/trustedr/en/authrootstl.cab?de50c806a344187f,-,1.1,Microsoft-CryptoAPI/10.0,-,0,0,304,Not Modified,-,-,(empty),-,-,-,-,-,-,-,-,-
1762167047.451308,C3FEjbud3KgA7FR84,192.168.7.101,50701,142.250.150.94,80,2,GET,c.pki.goog,/r/gsr1.crl,-,1.1,Microsoft-CryptoAPI/10.0,-,0,0,304,Not Modified,-,-,(empty),-,-,-,-,-,-,-,-,-
1762167047.479814,C3FEjbud3KgA7FR84,192.168.7.101,50701,142.250.150.94,80,3,GET,c.pki.goog,/r/r4.crl,-,1.1,Microsoft-CryptoAPI/10.0,-,0,530,200,OK,-,-,(empty),-,-,-,-,-,-,FVEMel3jp5uz2GPTv4,-,-
1762167047.509945,CPk5nh2y4LGuwjzdY2,192.168.7.101,50703,199.232.214.172,80,2,GET,ctldl.windowsupdate.com,/msdownload/update/v3/static/trustedr/en/disallowedcertstl.cab?4162de47c3b5452a,-,1.1,Microsoft-CryptoAPI/10.0,-,0,0,304,Not Modified,-,-,(empty),-,-,-,-,-,-,-,-,-
1762167062.180139,C8CarC12DpIqq4SJR6,192.168.7.101,55646,91.105.192.100,80,1,POST,91.105.192.100:80,/api,-,1.1,Mozilla/5.0,-,196,100,200,OK,-,-,(empty),-,-,-,FSCGGz4qzSxsHGqTl6,-,-,FjTUzWigMnhDkZbY8,-,-
1762167063.598177,CZogcE1DiGcsVoCYe9,192.168.7.205,37364,185.125.190.48,80,1,GET,connectivity-check.ubuntu.com,/,-,1.1,-,-,0,0,204,No Content,-,-,(empty),-,-,-,-,-,-,-,-,-
1762167154.261703,CzXVkj2FTXCBcHYQB9,192.168.7.101,57988,91.105.192.100,80,1,POST,91.105.192.100:80,/api,-,1.1,Mozilla/5.0,-,228,204,200,OK,-,-,(empty),-,-,-,FXxTII2oJwit6jktyc,-,-,FaLrxl3dZICf3PSiA3,-,-
1762167174.602834,CO2D3u2RQihu5XkVqi,192.168.7.101,56143,184.51.252.182,80,1,GET,clientconfig.akamai.steamstatic.com,/appinfo/700580/sha/77883ad9e03f9fb188e3239aabe9624572b6e289.txt.gz,-,-,Valve/Steam HTTP Client 1.0,-,0,0,-,-,-,-,(empty),-,-,-,-,-,-,-,-,-
1762167363.177387,CLXvfg2XGtB9SHrQ48,192.168.7.101,52140,91.105.192.100,80,1,POST,91.105.192.100:80,/api,-,1.1,Mozilla/5.0,-,264,152,200,OK,-,-,(empty),-,-,-,FChBGl60ThrnfFYvj,-,-,FGKpZJ39cXykSjhE2c,-,-
1762167363.608538,CexWWh3k4pXFiZqaI2,192.168.7.205,35200,185.125.190.98,80,1,GET,connectivity-check.ubuntu.com,/,-,1.1,-,-,0,0,204,No Content,-,-,(empty),-,-,-,-,-,-,-,-,-
1762167441.182036,CNLYDcv0cCPfvBzUa,192.168.7.101,65324,91.105.192.100,80,1,POST,91.105.192.100:80,/api,-,1.1,Mozilla/5.0,-,236,204,200,OK,-,-,(empty),-,-,-,FuqO5521iupR4kBFv,-,-,F2Nctv4UJRTfBF4Epb,-,-
1762167466.156230,CQDG863b3yXDH1TpZj,192.168.7.205,52648,3.211.176.227,80,1,GET,httpbin.org,/get,-,1.1,curl/7.81.0,-,0,256,200,OK,-,-,(empty),-,-,-,-,-,-,FqGk2v1ylhfKs4Tcz9,-,text/json
1762167490.766043,Cks1hX28lH2xP8qNA4,192.168.7.205,45690,3.211.176.227,80,1,GET,httpbin.org,/delay/1,-,1.1,curl/7.81.0,-,0,122,502,Bad Gateway,-,-,(empty),-,-,-,-,-,-,FwoiXjPNMcVOZBTZe,-,text/html
1762167490.286495,CiUqWr49B4uycrtbpg,192.168.7.205,49966,54.85.23.59,80,1,GET,httpbin.org,/delay/1,-,1.1,curl/7.81.0,-,0,306,200,OK,-,-,(empty),-,-,-,-,-,-,FvxAEe4yEHcepFv5pj,-,text/json
1762167490.302703,C4z2Voeuh4HCSRDGl,192.168.7.205,45632,3.211.176.227,80,1,GET,httpbin.org,/delay/1,-,1.1,curl/7.81.0,-,0,306,200,OK,-,-,(empty),-,-,-,-,-,-,FqTFzs3pGpUCbUlfN1,-,text/json
1762167490.463663,CsKsUz3Y6t4A0xmffi,192.168.7.205,57022,34.236.82.201,80,1,GET,httpbin.org,/delay/1,-,1.1,curl/7.81.0,-,0,306,200,OK,-,-,(empty),-,-,-,-,-,-,FS1U9J3WpE1ySreFEj,-,text/json
1762167490.217868,CVXxEA2mi7oEGdsvLe,192.168.7.205,56996,34.236.82.201,80,1,GET,httpbin.org,/delay/1,-,1.1,curl/7.81.0,-,0,306,200,OK,-,-,(empty),-,-,-,-,-,-,Fsk8NZ2CAJlDfygh5l,-,text/json
1762167490.362787,CIQ9sP3x3sA0cYsQI2,192.168.7.205,45646,3.211.176.227,80,1,GET,httpbin.org,/delay/1,-,1.1,curl/7.81.0,-,0,306,200,OK,-,-,(empty),-,-,-,-,-,-,Fnp6No3bkH2QSyuA4a,-,text/json
1762167490.449393,CjnNy71rJkDC0U5R6a,192.168.7.205,45650,3.211.176.227,80,1,GET,httpbin.org,/delay/1,-,1.1,curl/7.81.0,-,0,306,200,OK,-,-,(empty),-,-,-,-,-,-,FC69pa1BcR8bZUKAu2,-,text/json
1762167491.458814,CzqVnSgrF4MiKl5Ab,192.168.7.205,51054,52.20.222.128,80,1,GET,httpbin.org,/delay/1,-,1.1,curl/7.81.0,-,0,306,200,OK,-,-,(empty),-,-,-,-,-,-,FoKrQ4iALHYkHLX8c,-,text/json
1762167490.549640,CgM0J9S871kHGaXPi,192.168.7.205,45662,3.211.176.227,80,1,GET,httpbin.org,/delay/1,-,1.1,curl/7.81.0,-,0,306,200,OK,-,-,(empty),-,-,-,-,-,-,F5ZNLZ3YdubsK02rc7,-,text/json
1762167490.297609,CqbARJ20e6LHE0dQzl,192.168.7.205,51010,52.20.222.128,80,1,GET,httpbin.org,/delay/1,-,1.1,curl/7.81.0,-,0,306,200,OK,-,-,(empty),-,-,-,-,-,-,FZwTRL2fsvPq4dusml,-,text/json
1762167490.605739,CyQpRs3goqyOLgkxak,192.168.7.205,57072,34.236.82.201,80,1,GET,httpbin.org,/delay/1,-,1.1,curl/7.81.0,-,0,306,200,OK,-,-,(empty),-,-,-,-,-,-,Frjp4z33HyuigmY2Kb,-,text/json
1762167490.131044,CwYyqU3FaC7EcTiSV9,192.168.7.205,56992,34.236.82.201,80,1,GET,httpbin.org,/delay/1,-,1.1,curl/7.81.0,-,0,306,200,OK,-,-,(empty),-,-,-,-,-,-,FkbXVU3wltWSEn3D4k,-,text/json
1762167490.714072,CZMMBa1vkbWvgNYgpk,192.168.7.205,57088,34.236.82.201,80,1,GET,httpbin.org,/delay/1,-,1.1,curl/7.81.0,-,0,306,200,OK,-,-,(empty),-,-,-,-,-,-,FTdnFV2lld5h9LC1va,-,text/json
1762167490.630556,Cwc1me4PADf0XLEyk,192.168.7.205,51022,52.20.222.128,80,1,GET,httpbin.org,/delay/1,-,1.1,curl/7.81.0,-,0,306,200,OK,-,-,(empty),-,-,-,-,-,-,FTBH4iB763GY9D0K3,-,text/json
1762167490.533878,CTbpGm3WJq2UWSeKJ4,192.168.7.205,57036,34.236.82.201,80,1,GET,httpbin.org,/delay/1,-,1.1,curl/7.81.0,-,0,306,200,OK,-,-,(empty),-,-,-,-,-,-,FkVppeOFdQYLcRjK4,-,text/json
1762167490.239131,CvrRUx4fSgN72DRH32,192.168.7.205,50982,52.20.222.128,80,1,GET,httpbin.org,/delay/1,-,1.1,curl/7.81.0,-,0,306,200,OK,-,-,(empty),-,-,-,-,-,-,Fl3Hru2EpqNWCK8DTj,-,text/json
1762167491.323060,C25eIi4UjwAxL2NLJ5,192.168.7.205,51038,52.20.222.128,80,1,GET,httpbin.org,/delay/1,-,1.1,curl/7.81.0,-,0,306,200,OK,-,-,(empty),-,-,-,-,-,-,F2epxO13VO8Myto16i,-,text/json
1762167491.483921,CWFg0g8yCz5RXhYQ2,192.168.7.205,45720,3.211.176.227,80,1,GET,httpbin.org,/delay/1,-,1.1,curl/7.81.0,-,0,306,200,OK,-,-,(empty),-,-,-,-,-,-,FV7sIJ33eWzM6bHZd8,-,text/json
1762167491.121318,Cppr2y2BKcxkBOv1T1,192.168.7.205,45714,3.211.176.227,80,1,GET,httpbin.org,/delay/1,-,1.1,curl/7.81.0,-,0,306,200,OK,-,-,(empty),-,-,-,-,-,-,F7NqFE1ce5EXj7wF6f,-,text/json
1762167490.328639,CFdYvg3LYdj5gDOV2d,192.168.7.205,57012,34.236.82.201,80,1,GET,httpbin.org,/delay/1,-,1.1,curl/7.81.0,-,0,306,200,OK,-,-,(empty),-,-,-,-,-,-,FFxJ5Q2Hkhilj7TRQe,-,text/json
1762167490.725575,CCoN3A2aHgVUmBWMLk,192.168.7.205,51026,52.20.222.128,80,1,GET,httpbin.org,/delay/1,-,1.1,curl/7.81.0,-,0,306,200,OK,-,-,(empty),-,-,-,-,-,-,FADiMk4BftovjI4Iw6,-,text/json
1762167490.672103,C9uncj1FEOscv1Txw5,192.168.7.205,45688,3.211.176.227,80,1,GET,httpbin.org,/delay/1,-,1.1,curl/7.81.0,-,0,306,200,OK,-,-,(empty),-,-,-,-,-,-,FUgIzEDzNXuUD2QXj,-,text/json
1762167490.767600,CaLwbC2T5C3pg07WKi,192.168.7.205,57114,34.236.82.201,80,1,GET,httpbin.org,/delay/1,-,1.1,curl/7.81.0,-,0,306,200,OK,-,-,(empty),-,-,-,-,-,-,FelYWD4R9JvwHaJ0Ui,-,text/json
1762167490.551345,C1fqwk30tUEHttoiG8,192.168.7.205,51020,52.20.222.128,80,1,GET,httpbin.org,/delay/1,-,1.1,curl/7.81.0,-,0,306,200,OK,-,-,(empty),-,-,-,-,-,-,FNKKhk3Ju7eoQEx9V4,-,text/json
1762167490.622848,Cy3XL647yhuKwri8n,192.168.7.205,57070,34.236.82.201,80,1,GET,httpbin.org,/delay/1,-,1.1,curl/7.81.0,-,0,306,200,OK,-,-,(empty),-,-,-,-,-,-,FvKB8D1gmsQmdhDGO7,-,text/json
1762167490.628335,CW7pEF4MvsYWpSCBKg,192.168.7.205,57046,34.236.82.201,80,1,GET,httpbin.org,/delay/1,-,1.1,curl/7.81.0,-,0,306,200,OK,-,-,(empty),-,-,-,-,-,-,FwTDgJ3eC4eEd1hjAk,-,text/json
1762167490.978819,CmcoV12sDxvqxAGdlg,192.168.7.205,45694,3.211.176.227,80,1,GET,httpbin.org,/delay/1,-,1.1,curl/7.81.0,-,0,306,200,OK,-,-,(empty),-,-,-,-,-,-,FeANTt3dnXCQUH36O8,-,text/json
1762167491.839714,CjwC4gtwzzHM4p2Cl,192.168.7.205,57148,34.236.82.201,80,1,GET,httpbin.org,/delay/1,-,1.1,curl/7.81.0,-,0,306,200,OK,-,-,(empty),-,-,-,-,-,-,FJYiM32dGAMuj52qMh,-,text/json
1762167490.591466,CXQVEP1pVQ1uZVqiRf,192.168.7.205,57054,34.236.82.201,80,1,GET,httpbin.org,/delay/1,-,1.1,curl/7.81.0,-,0,306,200,OK,-,-,(empty),-,-,-,-,-,-,Fequo4OigYe3i9Du8,-,text/json
1762167490.939768,C0Epyn2Z9QpjDc0hg,192.168.7.205,49986,54.85.23.59,80,1,GET,httpbin.org,/delay/1,-,1.1,curl/7.81.0,-,0,306,200,OK,-,-,(empty),-,-,-,-,-,-,FAfALz4og2oifcn7cf,-,text/json
1762167490.118366,C5F4i614u8z4WJfdd6,192.168.7.205,45624,3.211.176.227,80,1,GET,httpbin.org,/delay/1,-,1.1,curl/7.81.0,-,0,306,200,OK,-,-,(empty),-,-,-,-,-,-,Fg3dhf31UHSZ1J3tA2,-,text/json
1762167490.586371,C9TGASIzZgROM3M0c,192.168.7.205,49972,54.85.23.59,80,1,GET,httpbin.org,/delay/1,-,1.1,curl/7.81.0,-,0,306,200,OK,-,-,(empty),-,-,-,-,-,-,FR3Wa3CssB0ptxwG4,-,text/json
1762167491.219483,CLFhyO2HqDrzipYIWc,192.168.7.205,57118,34.236.82.201,80,1,GET,httpbin.org,/delay/1,-,1.1,curl/7.81.0,-,0,306,200,OK,-,-,(empty),-,-,-,-,-,-,Fnxn3L2G6VXvGXacua,-,text/json
1762167490.806250,CDqM2K38JKizgfO9Hd,192.168.7.205,57102,34.236.82.201,80,1,GET,httpbin.org,/delay/1,-,1.1,curl/7.81.0,-,0,306,200,OK,-,-,(empty),-,-,-,-,-,-,FcHuN5ksNHjuEYQcf,-,text/json
1762167490.287974,Cu1DOh4EWBObVaKLE,192.168.7.205,45630,3.211.176.227,80,1,GET,httpbin.org,/delay/1,-,1.1,curl/7.81.0,-,0,306,200,OK,-,-,(empty),-,-,-,-,-,-,FjmLHkZW9w1jOyx44,-,text/json
1762167490.327320,CEsTV8K7C1T38k37,192.168.7.205,50994,52.20.222.128,80,1,GET,httpbin.org,/delay/1,-,1.1,curl/7.81.0,-,0,306,200,OK,-,-,(empty),-,-,-,-,-,-,Fs5sBl18n2pCKC6Jxi,-,text/json
1762167491.565837,Cm54eY24SQxHNa1I2g,192.168.7.205,51060,52.20.222.128,80,1,GET,httpbin.org,/delay/1,-,1.1,curl/7.81.0,-,0,306,200,OK,-,-,(empty),-,-,-,-,-,-,FNhZAwQm2DG8QWqGb,-,text/json
1762167490.230236,CoXvYJ1OYcLoQTT1b,192.168.7.205,50974,52.20.222.128,80,1,GET,httpbin.org,/delay/1,-,1.1,curl/7.81.0,-,0,306,200,OK,-,-,(empty),-,-,-,-,-,-,FAgFva1sHPvf2qtEI,-,text/json
1762167490.182078,CyiwC84FYWDCYoXtc9,192.168.7.205,45626,3.211.176.227,80,1,GET,httpbin.org,/delay/1,-,1.1,curl/7.81.0,-,0,306,200,OK,-,-,(empty),-,-,-,-,-,-,FRTArk120SOYXfNrFc,-,text/json
1762167491.564170,CtiITNFyIsDX6iuWd,192.168.7.205,57132,34.236.82.201,80,1,GET,httpbin.org,/delay/1,-,1.1,curl/7.81.0,-,0,306,200,OK,-,-,(empty),-,-,-,-,-,-,FeuGoVvYE9V5qCbm2,-,text/json
1762167490.598982,CJsWNq3VyuIzDfrPfj,192.168.7.205,45672,3.211.176.227,80,1,GET,httpbin.org,/delay/1,-,1.1,curl/7.81.0,-,0,306,200,OK,-,-,(empty),-,-,-,-,-,-,FOe8KC1cMJZwSUsdGi,-,text/json
1762167490.336181,CrW6eD3PDOLy2GmxIb,192.168.7.205,57018,34.236.82.201,80,1,GET,httpbin.org,/delay/1,-,1.1,curl/7.81.0,-,0,306,200,OK,-,-,(empty),-,-,-,-,-,-,FzZHvd2UIJTLFEtkef,-,text/json
1762167490.894173,CrjCN23zeysseqSeXg,192.168.7.205,49974,54.85.23.59,80,1,GET,httpbin.org,/delay/1,-,1.1,curl/7.81.0,-,0,306,200,OK,-,-,(empty),-,-,-,-,-,-,FbNlph2LSONjBMHBtc,-,text/json
1762167490.980321,CCB9A4nRJzEhQRN38,192.168.7.205,45702,3.211.176.227,80,1,GET,httpbin.org,/delay/1,-,1.1,curl/7.81.0,-,0,306,200,OK,-,-,(empty),-,-,-,-,-,-,FA9p4u4ry3DQufxkN5,-,text/json
1762167490.902313,C640FpyjfBcSBpJB4,192.168.7.205,51030,52.20.222.128,80,1,GET,httpbin.org,/delay/1,-,1.1,curl/7.81.0,-,0,306,200,OK,-,-,(empty),-,-,-,-,-,-,FulLwT3hYsvIZZ3Qpb,-,text/json
1762167490.633023,CxWfab1neeN1QDP1W5,192.168.7.205,57068,34.236.82.201,80,1,GET,httpbin.org,/delay/1,-,1.1,curl/7.81.0,-,0,306,200,OK,-,-,(empty),-,-,-,-,-,-,FVXaES2c1kAjerHQl6,-,text/json
1762167490.588043,Ci5USD2Tbpzsss0m4b,192.168.7.205,45666,3.211.176.227,80,1,GET,httpbin.org,/delay/1,-,1.1,curl/7.81.0,-,0,306,200,OK,-,-,(empty),-,-,-,-,-,-,FYL3Sk0klNLLh1a3,-,text/json
1762167491.451588,CvZzxC2Ne4pT9nAi23,192.168.7.205,49994,54.85.23.59,80,1,GET,httpbin.org,/delay/1,-,1.1,curl/7.81.0,-,0,306,200,OK,-,-,(empty),-,-,-,-,-,-,F4sTkD3kXROEhF7wZk,-,text/json
1762167490.816384,CopunM1RXTiDoGmWDh,192.168.7.205,57106,34.236.82.201,80,1,GET,httpbin.org,/delay/1,-,1.1,curl/7.81.0,-,0,306,200,OK,-,-,(empty),-,-,-,-,-,-,FBlqcb3DwUIzZVkGW7,-,text/json
1762167491.034470,CorHXFpeRsE6sGIn2,192.168.7.205,45706,3.211.176.227,80,1,GET,httpbin.org,/delay/1,-,1.1,curl/7.81.0,-,0,306,200,OK,-,-,(empty),-,-,-,-,-,-,Fi8VZP3TgDsdVaAngh,-,text/json
1762167560.546971,CNOJ3z2VS4e0LcT8b7,192.168.7.101,54655,52.20.222.128,80,1,GET,httpbin.org,/get,-,1.1,"Mozilla/5.0 (Windows NT 10.0; Win64; x64) AppleWebKit/537.36 (KHTML, like Gecko) Chrome/142.0.0.0 Safari/537.36 Edg/142.0.0.0",-,0,666,200,OK,-,-,(empty),-,-,-,-,-,-,FuMBiH2YD2h0VyHd6k,-,text/json
1762167561.599687,CNOJ3z2VS4e0LcT8b7,192.168.7.101,54655,52.20.222.128,80,2,GET,httpbin.org,/favicon.ico,http://httpbin.org/get,1.1,"Mozilla/5.0 (Windows NT 10.0; Win64; x64) AppleWebKit/537.36 (KHTML, like Gecko) Chrome/142.0.0.0 Safari/537.36 Edg/142.0.0.0",-,0,233,404,NOT FOUND,-,-,(empty),-,-,-,-,-,-,FSZRhfLVfVwXsy7B3,-,text/html
1762167624.624985,CFWH0s1XuoJKmuUNE3,192.168.7.205,35128,80.249.99.148,80,1,GET,ipv4.download.thinkbroadband.com,/10MB.zip,-,-,Wget/1.21.2,-,0,0,-,-,-,-,(empty),-,-,-,-,-,-,-,-,-
1762167625.732056,C0xLvs46ZI56Is0dY1,192.168.7.205,35142,80.249.99.148,80,1,GET,ipv4.download.thinkbroadband.com,/10MB.zip,-,-,Wget/1.21.2,-,0,0,-,-,-,-,(empty),-,-,-,-,-,-,-,-,-
1762167627.839193,CKstp71oDqXdYxp6Na,192.168.7.205,35146,80.249.99.148,80,1,GET,ipv4.download.thinkbroadband.com,/10MB.zip,-,-,Wget/1.21.2,-,0,0,-,-,-,-,(empty),-,-,-,-,-,-,-,-,-
1762167630.947065,CkHVZ21WSFrTBJDm2f,192.168.7.205,35152,80.249.99.148,80,1,GET,ipv4.download.thinkbroadband.com,/10MB.zip,-,-,Wget/1.21.2,-,0,0,-,-,-,-,(empty),-,-,-,-,-,-,-,-,-
1762167635.054991,CBh3ICf70rVc9Hnyk,192.168.7.205,39638,80.249.99.148,80,1,GET,ipv4.download.thinkbroadband.com,/10MB.zip,-,-,Wget/1.21.2,-,0,0,-,-,-,-,(empty),-,-,-,-,-,-,-,-,-
1762167640.162102,CTvTd92UNqaBz45Q2g,192.168.7.205,39644,80.249.99.148,80,1,GET,ipv4.download.thinkbroadband.com,/10MB.zip,-,-,Wget/1.21.2,-,0,0,-,-,-,-,(empty),-,-,-,-,-,-,-,-,-
1762167646.270598,CHL9ut42Zvx2YmZOO1,192.168.7.205,46718,80.249.99.148,80,1,GET,ipv4.download.thinkbroadband.com,/10MB.zip,-,-,Wget/1.21.2,-,0,0,-,-,-,-,(empty),-,-,-,-,-,-,-,-,-
1762167653.383450,CEnICS2JNOWXlKICxi,192.168.7.205,46732,80.249.99.148,80,1,GET,ipv4.download.thinkbroadband.com,/10MB.zip,-,-,Wget/1.21.2,-,0,0,-,-,-,-,(empty),-,-,-,-,-,-,-,-,-
1762167663.592830,CwYuyv37DJgKRPhDMb,192.168.7.205,52546,185.125.190.96,80,1,GET,connectivity-check.ubuntu.com,/,-,1.1,-,-,0,0,204,No Content,-,-,(empty),-,-,-,-,-,-,-,-,-
1762167661.496035,C0Fcw2XV0PowZhW7l,192.168.7.205,54586,80.249.99.148,80,1,GET,ipv4.download.thinkbroadband.com,/10MB.zip,-,-,Wget/1.21.2,-,0,0,-,-,-,-,(empty),-,-,-,-,-,-,-,-,-
1762167670.603546,CXVr2H2gFArLIhLSof,192.168.7.205,57710,80.249.99.148,80,1,GET,ipv4.download.thinkbroadband.com,/10MB.zip,-,-,Wget/1.21.2,-,0,0,-,-,-,-,(empty),-,-,-,-,-,-,-,-,-
1762167680.709966,ChFDrtK6SbEXrYf5h,192.168.7.205,36282,80.249.99.148,80,1,GET,ipv4.download.thinkbroadband.com,/10MB.zip,-,-,Wget/1.21.2,-,0,0,-,-,-,-,(empty),-,-,-,-,-,-,-,-,-
1762167690.820007,CkCBmQnBGHZDfNTXk,192.168.7.205,49524,80.249.99.148,80,1,GET,ipv4.download.thinkbroadband.com,/10MB.zip,-,-,Wget/1.21.2,-,0,0,-,-,-,-,(empty),-,-,-,-,-,-,-,-,-
1762167700.932078,CESngM1DUAmcdInsPj,192.168.7.205,56048,80.249.99.148,80,1,GET,ipv4.download.thinkbroadband.com,/10MB.zip,-,-,Wget/1.21.2,-,0,0,-,-,-,-,(empty),-,-,-,-,-,-,-,-,-
1762167711.046003,CdnAQ14P6wWddMBIUg,192.168.7.205,50052,80.249.99.148,80,1,GET,ipv4.download.thinkbroadband.com,/10MB.zip,-,-,Wget/1.21.2,-,0,0,-,-,-,-,(empty),-,-,-,-,-,-,-,-,-
1762167721.158437,C9rAhC2RdOXEO1FQN,192.168.7.205,39846,80.249.99.148,80,1,GET,ipv4.download.thinkbroadband.com,/10MB.zip,-,-,Wget/1.21.2,-,0,0,-,-,-,-,(empty),-,-,-,-,-,-,-,-,-
1762167731.266273,CNcq9b2vZVY8U1ZvGa,192.168.7.205,46384,80.249.99.148,80,1,GET,ipv4.download.thinkbroadband.com,/10MB.zip,-,-,Wget/1.21.2,-,0,0,-,-,-,-,(empty),-,-,-,-,-,-,-,-,-
1762167741.375062,C2SaHf3CDoxTI4Rfcf,192.168.7.205,41288,80.249.99.148,80,1,GET,ipv4.download.thinkbroadband.com,/10MB.zip,-,-,Wget/1.21.2,-,0,0,-,-,-,-,(empty),-,-,-,-,-,-,-,-,-
1762167751.484234,CwoSBF1RTTMMLnLn3b,192.168.7.205,48430,80.249.99.148,80,1,GET,ipv4.download.thinkbroadband.com,/10MB.zip,-,-,Wget/1.21.2,-,0,0,-,-,-,-,(empty),-,-,-,-,-,-,-,-,-
1762167761.155586,CNhebK1BQhFRAEDULd,192.168.7.101,60382,149.154.167.151,80,1,POST,149.154.167.151:80,/api,-,1.1,Mozilla/5.0,-,272,128,200,OK,-,-,(empty),-,-,-,FsQ9B01mWeZjCeIaY6,-,-,FfamNA3nDAdcVqj4A8,-,-
1762167761.593103,CF3oVQ3jMgCjv1CsZ1,192.168.7.205,48946,80.249.99.148,80,1,GET,ipv4.download.thinkbroadband.com,/10MB.zip,-,-,Wget/1.21.2,-,0,0,-,-,-,-,(empty),-,-,-,-,-,-,-,-,-
1762167771.702539,CWZtCz1ViGnbJ0OM3h,192.168.7.205,53834,80.249.99.148,80,1,GET,ipv4.download.thinkbroadband.com,/10MB.zip,-,-,Wget/1.21.2,-,0,0,-,-,-,-,(empty),-,-,-,-,-,-,-,-,-
1762167963.683658,CUrdRl1lU5Sh8DePMe,192.168.7.205,49740,91.189.91.48,80,1,GET,connectivity-check.ubuntu.com,/,-,1.1,-,-,0,0,204,No Content,-,-,(empty),-,-,-,-,-,-,-,-,-
1762168263.606044,CzhYob3CPsHuuQ6I3,192.168.7.205,46856,185.125.190.98,80,1,GET,connectivity-check.ubuntu.com,/,-,1.1,-,-,0,0,204,No Content,-,-,(empty),-,-,-,-,-,-,-,-,-
1762168563.605710,CpBsHW1tu7cj9ULLHf,192.168.7.205,51472,185.125.190.98,80,1,GET,connectivity-check.ubuntu.com,/,-,1.1,-,-,0,0,204,No Content,-,-,(empty),-,-,-,-,-,-,-,-,-
1762168663.245015,CKcrWV3heMEir3sUka,192.168.7.101,51238,91.105.192.100,80,1,POST,91.105.192.100:80,/api,-,1.1,Mozilla/5.0,-,188,176,200,OK,-,-,(empty),-,-,-,Fvqpis3sj0RRkuj873,-,-,F5tnSZ1AjnBN1Afdi3,-,-
1762168719.059957,C7WHg12am6pLNO1PDk,192.168.7.101,60304,199.232.210.172,80,1,GET,ctldl.windowsupdate.com,/msdownload/update/v3/static/trustedr/en/pinrulesstl.cab?1b44366fab969e8d,-,1.1,Microsoft-CryptoAPI/10.0,-,0,0,304,Not Modified,-,-,(empty),-,-,-,-,-,-,-,-,-
1762168734.180011,CKxjAw2P75MCwZZbz6,192.168.7.101,51102,91.105.192.100,80,1,POST,91.105.192.100:80,/api,-,1.1,Mozilla/5.0,-,232,108,200,OK,-,-,(empty),-,-,-,FGPsFw4sZIKzE3MSad,-,-,FOrT9d3zBc4nN35qwa,-,-
1762168863.602646,Cq6A2b48w6ir2JYqY9,192.168.7.205,39648,185.125.190.49,80,1,GET,connectivity-check.ubuntu.com,/,-,1.1,-,-,0,0,204,No Content,-,-,(empty),-,-,-,-,-,-,-,-,-
1762168935.116074,Cye0GK2FlrQgwXjopf,192.168.7.101,54047,91.105.192.100,80,1,POST,91.105.192.100:80,/api,-,1.1,Mozilla/5.0,-,212,104,200,OK,-,-,(empty),-,-,-,FbOThL1n1wuvYJScN5,-,-,FSMxbx2gHDAJDd8Trf,-,-
1762169119.330816,CNSRJEpZoN3q9AKCe,192.168.7.101,61274,91.105.192.100,80,1,POST,91.105.192.100:80,/api,-,1.1,Mozilla/5.0,-,92,120,200,OK,-,-,(empty),-,-,-,Fe5hqltwg0bSAK2qk,-,-,FNI7pB23G78iJasJY9,-,-
1762169163.597340,C8N8d5THz5ouUdnG9,192.168.7.205,37990,185.125.190.17,80,1,GET,connectivity-check.ubuntu.com,/,-,1.1,-,-,0,0,204,No Content,-,-,(empty),-,-,-,-,-,-,-,-,-
1762169279.143816,C2G3Mi4SYWJrTx1zz5,192.168.7.101,53775,91.105.192.100,80,1,POST,91.105.192.100:80,/api,-,1.1,Mozilla/5.0,-,184,196,200,OK,-,-,(empty),-,-,-,F8qEAKmWT0R43h4ra,-,-,FwLChw1NJaliN9uhzd,-,-
1762169463.667488,Cds1Ba4PS0H6ysNWt8,192.168.7.205,59402,91.189.91.49,80,1,GET,connectivity-check.ubuntu.com,/,-,1.1,-,-,0,0,204,No Content,-,-,(empty),-,-,-,-,-,-,-,-,-
1762169768.686065,CqXauy2cyQGRF2D9I2,192.168.7.205,39770,185.125.190.49,80,1,GET,connectivity-check.ubuntu.com,/,-,1.1,-,-,0,0,204,No Content,-,-,(empty),-,-,-,-,-,-,-,-,-
1762169922.204764,CSEgTN34dibKHwpGId,192.168.7.101,59754,184.51.252.192,80,1,GET,clientconfig.akamai.steamstatic.com,/appinfo/3241660/sha/0a4c52232b64f4c6c79fe2ea19f19ce3acb78308.txt.gz,-,-,Valve/Steam HTTP Client 1.0,-,0,0,-,-,-,-,(empty),-,-,-,-,-,-,-,-,-
1762169996.179584,CWsiCs1fWGn3mx5tg1,192.168.7.101,50646,91.105.192.100,80,1,POST,91.105.192.100:80,/api,-,1.1,Mozilla/5.0,-,260,100,200,OK,-,-,(empty),-,-,-,FlZYN5qe2wZCZfIo,-,-,FWV2xhm4Jl7xiToQg,-,-
1762170004.303307,CufjRN10Ow7t7Nwcog,192.168.7.101,50648,91.105.192.100,80,1,POST,91.105.192.100:80,/api,-,1.1,Mozilla/5.0,-,200,136,200,OK,-,-,(empty),-,-,-,FLxFMi3BrTvlMJ8dUi,-,-,FqQGu41tXY9rM6fM06,-,-
1762170063.672328,CMGnLTOeBksNWuxV1,192.168.7.205,36642,91.189.91.98,80,1,GET,connectivity-check.ubuntu.com,/,-,1.1,-,-,0,0,204,No Content,-,-,(empty),-,-,-,-,-,-,-,-,-
1762170210.218504,CHIZXB1bhx8G5FYoFd,192.168.7.101,56921,91.105.192.100,80,1,POST,91.105.192.100:80,/api,-,1.1,Mozilla/5.0,-,172,140,200,OK,-,-,(empty),-,-,-,FJTdMm3fzx2q5sNZ5h,-,-,FJ4OrD2bF8ADoOkjRe,-,-
1762170363.598946,CFJlCA3TuBzHueSwpj,192.168.7.205,55520,185.125.190.97,80,1,GET,connectivity-check.ubuntu.com,/,-,1.1,-,-,0,0,204,No Content,-,-,(empty),-,-,-,-,-,-,-,-,-
1762170524.199658,CPQkDLyMYEabZWCV7,192.168.7.101,59629,2.17.190.73,80,1,GET,crl3.digicert.com,/DigiCertTrustedRootG4.crl,-,1.1,Microsoft-CryptoAPI/10.0,-,0,0,304,Not Modified,-,-,(empty),-,-,-,-,-,-,-,-,-
1762170663.605186,Ceu5cC3qgtFcdD2tQ,192.168.7.205,43502,185.125.190.17,80,1,GET,connectivity-check.ubuntu.com,/,-,1.1,-,-,0,0,204,No Content,-,-,(empty),-,-,-,-,-,-,-,-,-
1762170732.135761,CxRoTC20Fo7ZDg3UZi,192.168.7.101,49551,199.232.214.172,80,1,GET,ctldl.windowsupdate.com,/msdownload/update/v3/static/trustedr/en/disallowedcertstl.cab?c38c3b83bc7e9513,-,1.1,Microsoft-CryptoAPI/10.0,-,0,0,304,Not Modified,-,-,(empty),-,-,-,-,-,-,-,-,-
1762170905.524627,Cm7P8U3cVp3Jch5rcl,192.168.7.101,64888,108.177.14.94,80,1,GET,c.pki.goog,/r/r1.crl,-,1.1,Microsoft-CryptoAPI/10.0,-,0,993,200,OK,-,-,(empty),-,-,-,-,-,-,F1MZGv4Riu6tbP1Zig,-,-
1762170905.646374,CqGCAr4Aa1iH2Mdahc,192.168.7.101,64889,23.199.249.50,80,1,GET,x1.c.lencr.org,/,-,1.1,Microsoft-CryptoAPI/10.0,-,0,0,304,Not Modified,-,-,(empty),-,-,-,-,-,-,-,-,-
1762170905.800154,CHZe4q1DRacCDIW6B1,192.168.7.101,64890,199.232.214.172,80,1,GET,ctldl.windowsupdate.com,/msdownload/update/v3/static/trustedr/en/authrootstl.cab?2d92ba8dda27b0c9,-,1.1,Microsoft-CryptoAPI/10.0,-,0,0,304,Not Modified,-,-,(empty),-,-,-,-,-,-,-,-,-
1762170905.839241,Cm7P8U3cVp3Jch5rcl,192.168.7.101,64888,108.177.14.94,80,2,GET,c.pki.goog,/r/gsr1.crl,-,1.1,Microsoft-CryptoAPI/10.0,-,0,0,304,Not Modified,-,-,(empty),-,-,-,-,-,-,-,-,-
1762170905.870998,Cm7P8U3cVp3Jch5rcl,192.168.7.101,64888,108.177.14.94,80,3,GET,c.pki.goog,/r/r4.crl,-,1.1,Microsoft-CryptoAPI/10.0,-,0,530,200,OK,-,-,(empty),-,-,-,-,-,-,FGGdmx4cD45dPVAmNi,-,-
1762170963.607141,CAIYHv4i78yEP3DkO1,192.168.7.205,36740,185.125.190.49,80,1,GET,connectivity-check.ubuntu.com,/,-,1.1,-,-,0,0,204,No Content,-,-,(empty),-,-,-,-,-,-,-,-,-
1762170982.238168,CPVAyp3M1zKXyMHfa4,192.168.7.101,57784,91.105.192.100,80,1,POST,91.105.192.100:80,/api,-,1.1,Mozilla/5.0,-,232,196,200,OK,-,-,(empty),-,-,-,FD5rea2JqUPa9P5cOl,-,-,FHEUlJ1s59pRWAB7rj,-,-
1762171127.549609,CrtQgs2yWtKBVJJjTa,192.168.7.205,55604,195.135.223.226,80,1,GET,download.opensuse.org,/repositories/security:/zeek/xUbuntu_22.04/InRelease,-,1.1,Debian APT-HTTP/1.3 (2.4.13) non-interactive,-,0,0,304,Not Modified,-,-,(empty),-,-,-,-,-,-,-,-,-
1762171127.689699,Cc8Ad54OqEK2QxWXSe,192.168.7.205,47568,213.180.204.183,80,1,GET,ru.archive.ubuntu.com,/ubuntu/dists/jammy/InRelease,-,1.1,Debian APT-HTTP/1.3 (2.4.13) non-interactive,-,0,0,304,Not Modified,-,-,(empty),-,-,-,-,-,-,-,-,-
1762171127.699526,Cc8Ad54OqEK2QxWXSe,192.168.7.205,47568,213.180.204.183,80,2,GET,ru.archive.ubuntu.com,/ubuntu/dists/jammy-updates/InRelease,-,1.1,Debian APT-HTTP/1.3 (2.4.13) non-interactive,-,0,128049,200,OK,-,-,(empty),-,-,-,-,-,-,FFnQcK1Zmq2Nd8gmMg,-,text/plain
1762171127.737245,Cc8Ad54OqEK2QxWXSe,192.168.7.205,47568,213.180.204.183,80,3,GET,ru.archive.ubuntu.com,/ubuntu/dists/jammy-backports/InRelease,-,1.1,Debian APT-HTTP/1.3 (2.4.13) non-interactive,-,0,127185,200,OK,-,-,(empty),-,-,-,-,-,-,FodNfU23N1ETw1yu2,-,text/plain
1762171128.219265,Cc8Ad54OqEK2QxWXSe,192.168.7.205,47568,213.180.204.183,80,4,GET,ru.archive.ubuntu.com,/ubuntu/dists/jammy-updates/main/dep11/by-hash/SHA256/6de6772f2dc4d2b83128d02e9e8cf791635ccce97df9e01593bef3c96e43058d,-,1.1,Debian APT-HTTP/1.3 (2.4.13) non-interactive,-,0,111948,200,OK,-,-,(empty),-,-,-,-,-,-,Fn95CcKVqyvNRmcMc,-,application/x-xz
1762171128.264248,Cc8Ad54OqEK2QxWXSe,192.168.7.205,47568,213.180.204.183,80,5,GET,ru.archive.ubuntu.com,/ubuntu/dists/jammy-updates/restricted/dep11/by-hash/SHA256/c2ac9bd7fc2ea5c362169bceae3f85cc63de52fc72c52bccf74d025f0cd9e897,-,1.1,Debian APT-HTTP/1.3 (2.4.13) non-interactive,-,0,212,200,OK,-,-,(empty),-,-,-,-,-,-,FYG3Db1v6x8R66LGCj,-,application/x-xz
1762171128.264248,Cc8Ad54OqEK2QxWXSe,192.168.7.205,47568,213.180.204.183,80,6,GET,ru.archive.ubuntu.com,/ubuntu/dists/jammy-updates/universe/dep11/by-hash/SHA256/fdf5d0f4445da7b7d5a8f3960946b618d60d520d2853e2512c09ff30323646e1,-,1.1,Debian APT-HTTP/1.3 (2.4.13) non-interactive,-,0,359228,200,OK,-,-,(empty),-,-,-,-,-,-,FSn6Le1ZWViq9HciOj,-,application/x-xz
1762171128.264248,Cc8Ad54OqEK2QxWXSe,192.168.7.205,47568,213.180.204.183,80,7,GET,ru.archive.ubuntu.com,/ubuntu/dists/jammy-updates/multiverse/dep11/by-hash/SHA256/412aba04efca22001c9b313dac27a3a5ea0ef1598a13dbb0d97b5c12536a128d,-,1.1,Debian APT-HTTP/1.3 (2.4.13) non-interactive,-,0,940,200,OK,-,-,(empty),-,-,-,-,-,-,FYzopc59sSyausihk,-,application/x-xz
1762171127.793693,CUjCmlL5weuGxvM17,192.168.7.205,50332,91.189.91.81,80,1,GET,security.ubuntu.com,/ubuntu/dists/jammy-security/InRelease,-,1.1,Debian APT-HTTP/1.3 (2.4.13) non-interactive,-,0,128927,200,OK,-,-,(empty),-,-,-,-,-,-,Fl71Ic4lt30IqnY3o,-,text/plain
1762171128.633924,Cc8Ad54OqEK2QxWXSe,192.168.7.205,47568,213.180.204.183,80,8,GET,ru.archive.ubuntu.com,/ubuntu/dists/jammy-backports/main/dep11/by-hash/SHA256/12f9d9b26f9bccfa6497e6762db14a4b1352f16f1d9ba79f79c91fee272aa8b3,-,1.1,Debian APT-HTTP/1.3 (2.4.13) non-interactive,-,0,7148,200,OK,-,-,(empty),-,-,-,-,-,-,FlAkv242QoYGHFRXda,-,application/x-xz
1762171128.645891,Cc8Ad54OqEK2QxWXSe,192.168.7.205,47568,213.180.204.183,80,9,GET,ru.archive.ubuntu.com,/ubuntu/dists/jammy-backports/restricted/dep11/by-hash/SHA256/5e4b1db6ac1981a933eb6a5125d878145a6fd99019ca1752a0f3b4af935df21a,-,1.1,Debian APT-HTTP/1.3 (2.4.13) non-interactive,-,0,212,200,OK,-,-,(empty),-,-,-,-,-,-,FHR1WS1ZYKlWchWJd3,-,application/x-xz
1762171128.645891,Cc8Ad54OqEK2QxWXSe,192.168.7.205,47568,213.180.204.183,80,10,GET,ru.archive.ubuntu.com,/ubuntu/dists/jammy-backports/universe/dep11/by-hash/SHA256/c06c73996a2e943c692aef7d1094528c3773ca81f7a5fe01ae43cdc049d6a5e6,-,1.1,Debian APT-HTTP/1.3 (2.4.13) non-interactive,-,0,9724,200,OK,-,-,(empty),-,-,-,-,-,-,FlADRB1UVz1yBW8Yf6,-,application/x-xz
1762171128.645891,Cc8Ad54OqEK2QxWXSe,192.168.7.205,47568,213.180.204.183,80,11,GET,ru.archive.ubuntu.com,/ubuntu/dists/jammy-backports/multiverse/dep11/by-hash/SHA256/82be241c15695213a8f29b98b53334b90984234c24099209d479bc73098d04a6,-,1.1,Debian APT-HTTP/1.3 (2.4.13) non-interactive,-,0,212,200,OK,-,-,(empty),-,-,-,-,-,-,Fk6RVP6VRd2U0i6jf,-,application/x-xz
1762171128.841727,CUjCmlL5weuGxvM17,192.168.7.205,50332,91.189.91.81,80,2,GET,security.ubuntu.com,/ubuntu/dists/jammy-security/main/dep11/by-hash/SHA256/7c2ca1fbaa7974477c012b2279541fec92d0999502ebf25f162a7b24da692deb,-,1.1,Debian APT-HTTP/1.3 (2.4.13) non-interactive,-,0,54512,200,OK,-,-,(empty),-,-,-,-,-,-,FDCE2K2cDkWVwJtNjc,-,application/x-xz
1762171129.022528,CUjCmlL5weuGxvM17,192.168.7.205,50332,91.189.91.81,80,3,GET,security.ubuntu.com,/ubuntu/dists/jammy-security/restricted/dep11/by-hash/SHA256/b01a8f20045e9b01dac659ec7e29ba1f08cc16ef6f815aab13df216db0b779b3,-,1.1,Debian APT-HTTP/1.3 (2.4.13) non-interactive,-,0,208,200,OK,-,-,(empty),-,-,-,-,-,-,FO7uxa47p4Bzoe8ZCl,-,application/x-xz
1762171129.022528,CUjCmlL5weuGxvM17,192.168.7.205,50332,91.189.91.81,80,4,GET,security.ubuntu.com,/ubuntu/dists/jammy-security/universe/dep11/by-hash/SHA256/748df48eb451a25cae9e5fe329a33462f5de1d49822142116c5082a518bc15e1,-,1.1,Debian APT-HTTP/1.3 (2.4.13) non-interactive,-,0,125396,200,OK,-,-,(empty),-,-,-,-,-,-,F1Veot1KJd8SOltyai,-,application/x-xz
1762171129.022528,CUjCmlL5weuGxvM17,192.168.7.205,50332,91.189.91.81,80,5,GET,security.ubuntu.com,/ubuntu/dists/jammy-security/multiverse/dep11/by-hash/SHA256/9f823f14c522ab012d9b5bcb6083dd787db1df4ff66c20b0414a57f3da3daffb,-,1.1,Debian APT-HTTP/1.3 (2.4.13) non-interactive,-,0,208,200,OK,-,-,(empty),-,-,-,-,-,-,Fou3f1IEDbKDGvzId,-,application/x-xz
1762171135.450046,C6EMFt2FVPVOixKNQ8,192.168.7.205,40652,213.180.204.183,80,1,GET,ru.archive.ubuntu.com,/ubuntu/pool/main/n/nginx/nginx-common_1.18.0-6ubuntu14.7_all.deb,-,1.1,Debian APT-HTTP/1.3 (2.4.13) non-interactive,-,0,40102,200,OK,-,-,(empty),-,-,-,-,-,-,Fbvk1Q2ZUeVYt51Fgk,-,application/x-debian-package
1762171135.484784,C6EMFt2FVPVOixKNQ8,192.168.7.205,40652,213.180.204.183,80,2,GET,ru.archive.ubuntu.com,/ubuntu/pool/main/n/nginx/libnginx-mod-http-geoip2_1.18.0-6ubuntu14.7_amd64.deb,-,1.1,Debian APT-HTTP/1.3 (2.4.13) non-interactive,-,0,12020,200,OK,-,-,(empty),-,-,-,-,-,-,FN2OM21v6JcBWCys6a,-,application/x-debian-package
1762171135.484784,C6EMFt2FVPVOixKNQ8,192.168.7.205,40652,213.180.204.183,80,3,GET,ru.archive.ubuntu.com,/ubuntu/pool/main/n/nginx/libnginx-mod-http-image-filter_1.18.0-6ubuntu14.7_amd64.deb,-,1.1,Debian APT-HTTP/1.3 (2.4.13) non-interactive,-,0,15532,200,OK,-,-,(empty),-,-,-,-,-,-,FCfhgygaWRsfsCA71,-,application/x-debian-package
1762171135.484784,C6EMFt2FVPVOixKNQ8,192.168.7.205,40652,213.180.204.183,80,4,GET,ru.archive.ubuntu.com,/ubuntu/pool/main/n/nginx/libnginx-mod-http-xslt-filter_1.18.0-6ubuntu14.7_amd64.deb,-,1.1,Debian APT-HTTP/1.3 (2.4.13) non-interactive,-,0,13840,200,OK,-,-,(empty),-,-,-,-,-,-,FJ3Gru2kfdVuljmmcc,-,application/x-debian-package
1762171135.484784,C6EMFt2FVPVOixKNQ8,192.168.7.205,40652,213.180.204.183,80,5,GET,ru.archive.ubuntu.com,/ubuntu/pool/main/n/nginx/libnginx-mod-mail_1.18.0-6ubuntu14.7_amd64.deb,-,1.1,Debian APT-HTTP/1.3 (2.4.13) non-interactive,-,0,45780,200,OK,-,-,(empty),-,-,-,-,-,-,Fp7lY91xWNmLx8KKKa,-,application/x-debian-package
1762171135.484784,C6EMFt2FVPVOixKNQ8,192.168.7.205,40652,213.180.204.183,80,6,GET,ru.archive.ubuntu.com,/ubuntu/pool/main/n/nginx/libnginx-mod-stream_1.18.0-6ubuntu14.7_amd64.deb,-,1.1,Debian APT-HTTP/1.3 (2.4.13) non-interactive,-,0,72966,200,OK,-,-,(empty),-,-,-,-,-,-,FaNntx2BXu6nYS8UVe,-,application/x-debian-package
1762171135.484784,C6EMFt2FVPVOixKNQ8,192.168.7.205,40652,213.180.204.183,80,7,GET,ru.archive.ubuntu.com,/ubuntu/pool/main/n/nginx/libnginx-mod-stream-geoip2_1.18.0-6ubuntu14.7_amd64.deb,-,1.1,Debian APT-HTTP/1.3 (2.4.13) non-interactive,-,0,10130,200,OK,-,-,(empty),-,-,-,-,-,-,F6XmQf14Swmpsatr2a,-,application/x-debian-package
1762171135.484784,C6EMFt2FVPVOixKNQ8,192.168.7.205,40652,213.180.204.183,80,8,GET,ru.archive.ubuntu.com,/ubuntu/pool/main/n/nginx/nginx-core_1.18.0-6ubuntu14.7_amd64.deb,-,1.1,Debian APT-HTTP/1.3 (2.4.13) non-interactive,-,0,483358,200,OK,-,-,(empty),-,-,-,-,-,-,FGSFRv4WAuoJqCzP1g,-,application/x-debian-package
1762171135.484784,C6EMFt2FVPVOixKNQ8,192.168.7.205,40652,213.180.204.183,80,9,GET,ru.archive.ubuntu.com,/ubuntu/pool/main/n/nginx/nginx_1.18.0-6ubuntu14.7_amd64.deb,-,1.1,Debian APT-HTTP/1.3 (2.4.13) non-interactive,-,0,3878,200,OK,-,-,(empty),-,-,-,-,-,-,FIFW6T1nBqUtXDmVSh,-,application/x-debian-package
1762171166.235878,CSD7nG1ubNrHBPFFDa,192.168.7.101,52434,192.168.7.205,80,1,GET,192.168.7.205,/,-,1.1,"Mozilla/5.0 (Windows NT 10.0; Win64; x64) AppleWebKit/537.36 (KHTML, like Gecko) Chrome/142.0.0.0 Safari/537.36 Edg/142.0.0.0",-,0,612,200,OK,-,-,(empty),-,-,-,-,-,-,FurYhR1hy903mpVFx7,-,text/html
1762171166.543774,CSD7nG1ubNrHBPFFDa,192.168.7.101,52434,192.168.7.205,80,2,GET,192.168.7.205,/favicon.ico,http://192.168.7.205/,1.1,"Mozilla/5.0 (Windows NT 10.0; Win64; x64) AppleWebKit/537.36 (KHTML, like Gecko) Chrome/142.0.0.0 Safari/537.36 Edg/142.0.0.0",-,0,564,404,Not Found,-,-,(empty),-,-,-,-,-,-,FpqIGr1fZvwbnTAqt6,-,text/html
1762171263.674739,Cb1bLSC9HnltE5Ul4,192.168.7.205,51918,91.189.91.48,80,1,GET,connectivity-check.ubuntu.com,/,-,1.1,-,-,0,0,204,No Content,-,-,(empty),-,-,-,-,-,-,-,-,-
1762171271.275894,C9GETr4EhxhMGHtN66,192.168.7.101,58719,91.105.192.100,80,1,POST,91.105.192.100:80,/api,-,1.1,Mozilla/5.0,-,132,164,200,OK,-,-,(empty),-,-,-,FIwPeC1Qf3JMNU8cg,-,-,FhZR0K3iZQDsS6NFNa,-,-
1762171402.162178,CP6bxu1Kwv8fwP5WMi,192.168.7.101,63203,91.105.192.100,80,1,POST,91.105.192.100:80,/api,-,1.1,Mozilla/5.0,-,88,116,200,OK,-,-,(empty),-,-,-,FhBbuItzWpQO58iSa,-,-,Fz9lyFVBOJE8F8pXl,-,-
1762171557.194343,Cbj3lT3CXjjcUxX76,192.168.7.101,52236,91.105.192.100,80,1,POST,91.105.192.100:80,/api,-,1.1,Mozilla/5.0,-,260,200,200,OK,-,-,(empty),-,-,-,FmqMmu4ngAwGgJ3497,-,-,FN261U129GVJSNlwve,-,-
1762171563.603009,CeKtZmd31PjKxHIzb,192.168.7.205,33250,185.125.190.97,80,1,GET,connectivity-check.ubuntu.com,/,-,1.1,-,-,0,0,204,No Content,-,-,(empty),-,-,-,-,-,-,-,-,-
1762171774.619021,Cmw1z9y17pup0Luth,192.168.7.101,52110,23.215.2.109,80,1,GET,clientconfig.akamai.steamstatic.com,/appinfo/700580/sha/84bdc3fa490c7cf7d1877b89090a47209ef2e9e5.txt.gz,-,-,Valve/Steam HTTP Client 1.0,-,0,0,-,-,-,-,(empty),-,-,-,-,-,-,-,-,-
1762171811.107079,Cg78F83goY3EhB2eLb,192.168.7.101,52112,149.154.167.222,80,1,POST,149.154.167.222:80,/api,-,1.1,Mozilla/5.0,-,192,176,200,OK,-,-,(empty),-,-,-,FTwPqhSsxD23JU4si,-,-,FGzRKI1GobOdBFi28g,-,-
1762171812.235941,CEPT8b2i4cA9qs3XT,192.168.7.101,52114,91.105.192.100,80,1,POST,91.105.192.100:80,/api,-,1.1,Mozilla/5.0,-,116,128,200,OK,-,-,(empty),-,-,-,FprcQ01A6eSvBKhwzb,-,-,FtWpvm1CqpM4rxegz2,-,-
1762171863.600068,ClEGzQHgAf8Fkmfsb,192.168.7.205,33898,185.125.190.97,80,1,GET,connectivity-check.ubuntu.com,/,-,1.1,-,-,0,0,204,No Content,-,-,(empty),-,-,-,-,-,-,-,-,-
1762171909.676038,CNqcoK2tyZCiSo76qh,192.168.7.101,50319,149.154.167.222,80,1,POST,149.154.167.222:80,/api,-,1.1,Mozilla/5.0,-,252,208,200,OK,-,-,(empty),-,-,-,FYltUd3yIPHntxBWb5,-,-,FLgjC6lJxuWiuKmU,-,-
1762171909.673726,CfEtqZ17v1hI25M9rd,192.168.7.101,50317,149.154.167.222,80,1,POST,149.154.167.222:80,/api,-,1.1,Mozilla/5.0,-,160,192,200,OK,-,-,(empty),-,-,-,FfyUH314AGa4FOUXDd,-,-,FiR4ua4qN4h7BTI8Ue,-,-
1762171909.675151,CdofFQ3FAJNSgd2wN7,192.168.7.101,50318,149.154.167.222,80,1,POST,149.154.167.222:80,/api,-,1.1,Mozilla/5.0,-,104,152,200,OK,-,-,(empty),-,-,-,F548f41CDBwH0WrmL6,-,-,FZ1Zu03JvSLITGMFl1,-,-
1762171950.169928,CGfB343kyhQvV8bnD5,192.168.7.101,50321,149.154.167.222,80,1,POST,149.154.167.222:80,/api,-,1.1,Mozilla/5.0,-,288,104,200,OK,-,-,(empty),-,-,-,FjamFoT3OE7r7pRaa,-,-,FrTFLx27CPtXx9nY34,-,-
1762172010.269613,CtoAfl1mYgweyRp3ak,192.168.7.101,52157,91.105.192.100,80,1,POST,91.105.192.100:80,/api,-,1.1,Mozilla/5.0,-,200,204,200,OK,-,-,(empty),-,-,-,FCN3JM3hVjRYRPNW73,-,-,F8pxbqGuOsCxxfpl5,-,-
1762172163.691272,CdZPsV3l4z7eQhfDWi,192.168.7.205,54930,91.189.91.97,80,1,GET,connectivity-check.ubuntu.com,/,-,1.1,-,-,0,0,204,No Content,-,-,(empty),-,-,-,-,-,-,-,-,-
1762172462.978793,ClofMk2MiNwBwiTdM5,192.168.7.101,51113,149.154.167.151,80,1,POST,149.154.167.151:80,/api,-,1.1,Mozilla/5.0,-,108,148,200,OK,-,-,(empty),-,-,-,F817Mc4IMy2fxr5I52,-,-,FVoWFl3rAFgpSrtBVd,-,-
1762172463.599029,Cwfw6R2Nvv7qXr7lY2,192.168.7.205,39100,185.125.190.18,80,1,GET,connectivity-check.ubuntu.com,/,-,1.1,-,-,0,0,204,No Content,-,-,(empty),-,-,-,-,-,-,-,-,-
1762172622.177037,C3uyyH2iIS88hUAhUl,192.168.7.101,54391,91.105.192.100,80,1,POST,91.105.192.100:80,/api,-,1.1,Mozilla/5.0,-,204,104,200,OK,-,-,(empty),-,-,-,FhDjsX2PcqKGCcZWTe,-,-,FnyaSY1DBPBdZBWSGa,-,-
1762172720.695570,Cj3TnohksM2cj4tj7,192.168.7.101,57663,149.154.167.41,80,1,POST,149.154.167.41:80,/api,-,1.1,Mozilla/5.0,-,56,180,200,OK,-,-,(empty),-,-,-,F2dzeB2U553ij6d1s5,-,-,FvbGLi17FNdktAKb74,-,-
1762172763.661087,CiHDC24JJ6V6lV0tH7,192.168.7.205,38650,91.189.91.49,80,1,GET,connectivity-check.ubuntu.com,/,-,1.1,-,-,0,0,204,No Content,-,-,(empty),-,-,-,-,-,-,-,-,-
1762172765.169241,C8HU0s4eZqzqqlzlB5,192.168.7.101,63063,91.105.192.100,80,1,POST,91.105.192.100:80,/api,-,1.1,Mozilla/5.0,-,44,128,200,OK,-,-,(empty),-,-,-,F0z6kf3FshHPN7Ykoe,-,-,FKTFTb2VnPHo9Hyz1,-,-
1762172780.313209,CWbuto40Pu6KtidFwl,192.168.7.101,54416,192.168.7.205,80,1,GET,192.168.7.205,/,-,1.1,"Mozilla/5.0 (Windows NT 10.0; Win64; x64) AppleWebKit/537.36 (KHTML, like Gecko) Chrome/142.0.0.0 Safari/537.36 Edg/142.0.0.0",-,0,0,304,Not Modified,-,-,(empty),-,-,-,-,-,-,-,-,-
1762172781.199102,CWbuto40Pu6KtidFwl,192.168.7.101,54416,192.168.7.205,80,2,GET,192.168.7.205,/,-,1.1,"Mozilla/5.0 (Windows NT 10.0; Win64; x64) AppleWebKit/537.36 (KHTML, like Gecko) Chrome/142.0.0.0 Safari/537.36 Edg/142.0.0.0",-,0,0,304,Not Modified,-,-,(empty),-,-,-,-,-,-,-,-,-
1762172781.695620,CWbuto40Pu6KtidFwl,192.168.7.101,54416,192.168.7.205,80,3,GET,192.168.7.205,/,-,1.1,"Mozilla/5.0 (Windows NT 10.0; Win64; x64) AppleWebKit/537.36 (KHTML, like Gecko) Chrome/142.0.0.0 Safari/537.36 Edg/142.0.0.0",-,0,0,304,Not Modified,-,-,(empty),-,-,-,-,-,-,-,-,-
1762172784.672234,CWbuto40Pu6KtidFwl,192.168.7.101,54416,192.168.7.205,80,4,GET,192.168.7.205,/,-,1.1,"Mozilla/5.0 (Windows NT 10.0; Win64; x64) AppleWebKit/537.36 (KHTML, like Gecko) Chrome/142.0.0.0 Safari/537.36 Edg/142.0.0.0",-,0,0,304,Not Modified,-,-,(empty),-,-,-,-,-,-,-,-,-
1762172785.135179,CWbuto40Pu6KtidFwl,192.168.7.101,54416,192.168.7.205,80,5,GET,192.168.7.205,/,-,1.1,"Mozilla/5.0 (Windows NT 10.0; Win64; x64) AppleWebKit/537.36 (KHTML, like Gecko) Chrome/142.0.0.0 Safari/537.36 Edg/142.0.0.0",-,0,0,304,Not Modified,-,-,(empty),-,-,-,-,-,-,-,-,-
1762172785.453560,CWbuto40Pu6KtidFwl,192.168.7.101,54416,192.168.7.205,80,6,GET,192.168.7.205,/,-,1.1,"Mozilla/5.0 (Windows NT 10.0; Win64; x64) AppleWebKit/537.36 (KHTML, like Gecko) Chrome/142.0.0.0 Safari/537.36 Edg/142.0.0.0",-,0,0,304,Not Modified,-,-,(empty),-,-,-,-,-,-,-,-,-
1762172785.699501,CWbuto40Pu6KtidFwl,192.168.7.101,54416,192.168.7.205,80,7,GET,192.168.7.205,/,-,1.1,"Mozilla/5.0 (Windows NT 10.0; Win64; x64) AppleWebKit/537.36 (KHTML, like Gecko) Chrome/142.0.0.0 Safari/537.36 Edg/142.0.0.0",-,0,0,304,Not Modified,-,-,(empty),-,-,-,-,-,-,-,-,-
1762172785.882010,CWbuto40Pu6KtidFwl,192.168.7.101,54416,192.168.7.205,80,8,GET,192.168.7.205,/,-,1.1,"Mozilla/5.0 (Windows NT 10.0; Win64; x64) AppleWebKit/537.36 (KHTML, like Gecko) Chrome/142.0.0.0 Safari/537.36 Edg/142.0.0.0",-,0,0,304,Not Modified,-,-,(empty),-,-,-,-,-,-,-,-,-
1762172786.055513,CWbuto40Pu6KtidFwl,192.168.7.101,54416,192.168.7.205,80,9,GET,192.168.7.205,/,-,1.1,"Mozilla/5.0 (Windows NT 10.0; Win64; x64) AppleWebKit/537.36 (KHTML, like Gecko) Chrome/142.0.0.0 Safari/537.36 Edg/142.0.0.0",-,0,0,304,Not Modified,-,-,(empty),-,-,-,-,-,-,-,-,-
1762172786.539387,CWbuto40Pu6KtidFwl,192.168.7.101,54416,192.168.7.205,80,10,GET,192.168.7.205,/,-,1.1,"Mozilla/5.0 (Windows NT 10.0; Win64; x64) AppleWebKit/537.36 (KHTML, like Gecko) Chrome/142.0.0.0 Safari/537.36 Edg/142.0.0.0",-,0,0,304,Not Modified,-,-,(empty),-,-,-,-,-,-,-,-,-
1762173006.867891,Csypsm3bfKvlzhyDme,192.168.7.101,62698,149.154.167.222,80,1,POST,149.154.167.222:80,/api,-,1.1,Mozilla/5.0,-,164,152,200,OK,-,-,(empty),-,-,-,F7dGftj62rzaGabDd,-,-,FDUh1u1CMG1rz8n1l3,-,-
1762173063.601366,CqTFKm28YCQHR6GQ8,192.168.7.205,52296,185.125.190.48,80,1,GET,connectivity-check.ubuntu.com,/,-,1.1,-,-,0,0,204,No Content,-,-,(empty),-,-,-,-,-,-,-,-,-
1762173123.355438,Cs4duL3AzK7GeKQvi5,192.168.7.101,61829,149.154.167.222,80,1,POST,149.154.167.222:80,/api,-,1.1,Mozilla/5.0,-,128,140,200,OK,-,-,(empty),-,-,-,FhU5hJ2ROg14GC8Jzf,-,-,FZXEAd1hjwfFUUoBM6,-,-
1762173123.355439,CxsAHQSTReWvYdyn9,192.168.7.101,61830,149.154.167.222,80,1,POST,149.154.167.222:80,/api,-,1.1,Mozilla/5.0,-,124,160,200,OK,-,-,(empty),-,-,-,Fsx7V1Vx54oYoezB1,-,-,FkZ8x1uSTODd4jLn9,-,-
1762173157.392162,CaIx652ThTAjxq8RXe,192.168.7.101,60730,192.168.7.205,80,1,GET,192.168.7.205,/,-,1.1,"Mozilla/5.0 (Windows NT 10.0; Win64; x64) AppleWebKit/537.36 (KHTML, like Gecko) Chrome/142.0.0.0 Safari/537.36 Edg/142.0.0.0",-,0,0,304,Not Modified,-,-,(empty),-,-,-,-,-,-,-,-,-
1762173162.131843,CaIx652ThTAjxq8RXe,192.168.7.101,60730,192.168.7.205,80,2,GET,192.168.7.205,/test,-,1.1,"Mozilla/5.0 (Windows NT 10.0; Win64; x64) AppleWebKit/537.36 (KHTML, like Gecko) Chrome/142.0.0.0 Safari/537.36 Edg/142.0.0.0",-,0,564,404,Not Found,-,-,(empty),-,-,-,-,-,-,F5ny78mEq6Ttw3atg,-,text/html
1762173288.280896,Cqcufq2LmAQJDaYJ7b,192.168.7.101,59042,149.154.167.41,80,1,POST,149.154.167.41:80,/api,-,1.1,Mozilla/5.0,-,148,136,200,OK,-,-,(empty),-,-,-,FEDdYWuQhUJAGeKc1,-,-,FIlZ3C31n3XLQvWOl7,-,-
1762173363.617737,CuWYUi2IqczSPWW4t3,192.168.7.205,53054,185.125.190.49,80,1,GET,connectivity-check.ubuntu.com,/,-,1.1,-,-,0,0,204,No Content,-,-,(empty),-,-,-,-,-,-,-,-,-
1762173383.397139,CyHTqg8gjdSV3Mzod,192.168.7.101,61628,192.168.7.205,80,1,GET,192.168.7.205,/test.html,-,1.1,"Mozilla/5.0 (Windows NT 10.0; Win64; x64) AppleWebKit/537.36 (KHTML, like Gecko) Chrome/142.0.0.0 Safari/537.36 Edg/142.0.0.0",-,0,412,200,OK,-,-,(empty),-,-,-,-,-,-,F3djjf22DimXkeQMKj,-,text/html
1762173386.674250,CyHTqg8gjdSV3Mzod,192.168.7.101,61628,192.168.7.205,80,2,POST,192.168.7.205,/submit,http://192.168.7.205/test.html,1.1,"Mozilla/5.0 (Windows NT 10.0; Win64; x64) AppleWebKit/537.36 (KHTML, like Gecko) Chrome/142.0.0.0 Safari/537.36 Edg/142.0.0.0",http://192.168.7.205,37,564,404,Not Found,-,-,(empty),-,-,-,FbQppC9OuJPvm1GZ6,-,text/plain,F2qaUh4QQ5gy4h0UWl,-,text/html
1762173389.777980,CyHTqg8gjdSV3Mzod,192.168.7.101,61628,192.168.7.205,80,3,GET,192.168.7.205,/files/test.zip,http://192.168.7.205/test.html,1.1,"Mozilla/5.0 (Windows NT 10.0; Win64; x64) AppleWebKit/537.36 (KHTML, like Gecko) Chrome/142.0.0.0 Safari/537.36 Edg/142.0.0.0",-,0,564,404,Not Found,-,-,(empty),-,-,-,-,-,-,FWl0EP6sYWviKRPmf,-,text/html
1762173398.919201,CVzdVz4tvZJkXyQsVd,192.168.7.101,57771,192.168.7.205,80,1,GET,192.168.7.205,/test.html,-,1.1,curl/8.16.0,-,0,412,200,OK,-,-,(empty),-,-,-,-,-,-,Flnx2PImTS5UPlzW3,-,text/html
1762173401.203623,CBuHoH3c6uc1UPqa16,192.168.7.101,57772,192.168.7.205,80,1,GET,192.168.7.205,/test.html,-,1.1,curl/8.16.0,-,0,412,200,OK,-,-,(empty),-,-,-,-,-,-,Fd0myV6aZJfBtMy7d,-,text/html
1762173401.511049,CI9RzK1Y6RppJsTflb,192.168.7.101,57773,192.168.7.205,80,1,GET,192.168.7.205,/test.html,-,1.1,curl/8.16.0,-,0,412,200,OK,-,-,(empty),-,-,-,-,-,-,F1BWMk2roEf59MVRhi,-,text/html
1762173403.921380,Ckbv1W3qlUZzS3ZTwk,192.168.7.101,57774,192.168.7.205,80,1,GET,192.168.7.205,/test.html,-,1.1,curl/8.16.0,-,0,412,200,OK,-,-,(empty),-,-,-,-,-,-,FVkgqVJT48BYxuQt6,-,text/html
1762173423.423298,CWfIwB3KFuFQq1zWbk,192.168.7.101,49626,192.168.7.205,80,1,GET,192.168.7.205,/files/test.zip,-,1.1,Wget/1.21.2,-,0,162,404,Not Found,-,-,(empty),-,-,-,-,-,-,FXyZsi3wUu4pobl1A9,-,text/html
1762173431.957650,CA9drXko4HbBqi8Rj,192.168.7.101,49632,192.168.7.205,80,1,GET,192.168.7.205,/test.html,-,1.1,Wget/1.21.2,-,0,412,200,OK,-,-,(empty),-,-,-,-,-,-,FMPteN2m0LJIzc3PBj,-,text/html
1762173573.229758,CEBhJa4Yp4fn7Zfggc,192.168.7.101,55160,91.105.192.100,80,1,POST,91.105.192.100:80,/api,-,1.1,Mozilla/5.0,-,136,208,200,OK,-,-,(empty),-,-,-,FvsJ5X120uVzl0QFMg,-,-,FtCjCBo0K8ifTRZG4,-,-
1762173581.752026,CU5RKg2HMc0puH74F8,192.168.7.205,55216,213.180.204.183,80,1,GET,ru.archive.ubuntu.com,/ubuntu/pool/main/v/vsftpd/vsftpd_3.0.5-0ubuntu1.1_amd64.deb,-,1.1,Debian APT-HTTP/1.3 (2.4.13) non-interactive,-,0,122660,200,OK,-,-,(empty),-,-,-,-,-,-,FsnNcp11BzHXPFagii,-,application/x-debian-package
1762173663.599058,C9R2pA1tdkdbXMHFmh,192.168.7.205,47594,185.125.190.49,80,1,GET,connectivity-check.ubuntu.com,/,-,1.1,-,-,0,0,204,No Content,-,-,(empty),-,-,-,-,-,-,-,-,-
1762173887.309183,CYhj6PBUtoO1sVxB8,192.168.7.101,58826,91.105.192.100,80,1,POST,91.105.192.100:80,/api,-,1.1,Mozilla/5.0,-,92,160,200,OK,-,-,(empty),-,-,-,FwV4zs4k1y5iR74Dqb,-,-,FKTL2U3ZpHKUWWTgJ3,-,-
1762173963.592147,Cytp5zPyi3HZO8fX,192.168.7.205,53324,185.125.190.49,80,1,GET,connectivity-check.ubuntu.com,/,-,1.1,-,-,0,0,204,No Content,-,-,(empty),-,-,-,-,-,-,-,-,-
1762174179.377991,ClqpnWaUTAnX7iwl8,192.168.7.101,58459,91.105.192.100,80,1,POST,91.105.192.100:80,/api,-,1.1,Mozilla/5.0,-,100,156,200,OK,-,-,(empty),-,-,-,F0MaMH11zRzaPkZYw8,-,-,FfysrH3QOtmMKWMYN7,-,-
1762174263.598249,CyLvEN2biomVPO4Ka6,192.168.7.205,33072,185.125.190.17,80,1,GET,connectivity-check.ubuntu.com,/,-,1.1,-,-,0,0,204,No Content,-,-,(empty),-,-,-,-,-,-,-,-,-
1762174360.482397,CJuI0A4q2N61e9rjVe,192.168.7.101,51240,149.154.167.222,80,1,POST,149.154.167.222:80,/api,-,1.1,Mozilla/5.0,-,128,136,200,OK,-,-,(empty),-,-,-,FVBpNMHq8WsQtYJIk,-,-,Fx60N92LnGRUb0xMPh,-,-
1762174563.605368,CJvajt2eYM7rzrs1ua,192.168.7.205,37850,185.125.190.98,80,1,GET,connectivity-check.ubuntu.com,/,-,1.1,-,-,0,0,204,No Content,-,-,(empty),-,-,-,-,-,-,-,-,-
1762174600.176156,CBnzoh1fVNxSuKItW9,192.168.7.101,51390,91.105.192.100,80,1,POST,91.105.192.100:80,/api,-,1.1,Mozilla/5.0,-,260,104,200,OK,-,-,(empty),-,-,-,F2A5An2Lk2PCjXpJQ6,-,-,F8JoZM1FhwejWyOWI2,-,-
1762174734.226157,C3LMRd3RrZo6q5uwm1,192.168.7.101,65148,91.105.192.100,80,1,POST,91.105.192.100:80,/api,-,1.1,Mozilla/5.0,-,164,180,200,OK,-,-,(empty),-,-,-,F00Fn73jrEmDWyfDq9,-,-,FISqMG2Duh85do4Qs,-,-
1762174863.591034,CeqUSqK0ovkCNrxZj,192.168.7.205,52556,185.125.190.97,80,1,GET,connectivity-check.ubuntu.com,/,-,1.1,-,-,0,0,204,No Content,-,-,(empty),-,-,-,-,-,-,-,-,-
1762175018.173103,C55qn71KL92NawMWEa,192.168.7.101,51889,199.232.210.172,80,1,GET,ctldl.windowsupdate.com,/msdownload/update/v3/static/trustedr/en/disallowedcertstl.cab?be87b83e189a41d7,-,1.1,Microsoft-CryptoAPI/10.0,-,0,0,304,Not Modified,-,-,(empty),-,-,-,-,-,-,-,-,-
1762175018.284220,CKLL381KdRBj4OMDR9,192.168.7.101,51890,108.177.14.94,80,1,GET,c.pki.goog,/r/r1.crl,-,1.1,Microsoft-CryptoAPI/10.0,-,0,993,200,OK,-,-,(empty),-,-,-,-,-,-,FPr7ym1GTNLFPNQVv8,-,-
1762175018.397504,CvDX7y29prZfkTRQH9,192.168.7.101,51891,23.199.249.50,80,1,GET,x1.c.lencr.org,/,-,1.1,Microsoft-CryptoAPI/10.0,-,0,0,304,Not Modified,-,-,(empty),-,-,-,-,-,-,-,-,-
1762175018.436149,C55qn71KL92NawMWEa,192.168.7.101,51889,199.232.210.172,80,2,GET,ctldl.windowsupdate.com,/msdownload/update/v3/static/trustedr/en/authrootstl.cab?60cf079cb9a4eea5,-,1.1,Microsoft-CryptoAPI/10.0,-,0,0,304,Not Modified,-,-,(empty),-,-,-,-,-,-,-,-,-
1762175018.474389,CKLL381KdRBj4OMDR9,192.168.7.101,51890,108.177.14.94,80,2,GET,c.pki.goog,/r/gsr1.crl,-,1.1,Microsoft-CryptoAPI/10.0,-,0,0,304,Not Modified,-,-,(empty),-,-,-,-,-,-,-,-,-
1762175018.497444,CKLL381KdRBj4OMDR9,192.168.7.101,51890,108.177.14.94,80,3,GET,c.pki.goog,/r/r4.crl,-,1.1,Microsoft-CryptoAPI/10.0,-,0,530,200,OK,-,-,(empty),-,-,-,-,-,-,FzDC2xAJ43OhOVJJ9,-,-
1762175025.598351,CJWQXr44vCJBWOLFe4,192.168.7.101,51893,199.232.210.172,80,1,GET,ctldl.windowsupdate.com,/msdownload/update/v3/static/trustedr/en/disallowedcertstl.cab?ff9541f38eefdb5a,-,1.1,Microsoft-CryptoAPI/10.0,-,0,0,304,Not Modified,-,-,(empty),-,-,-,-,-,-,-,-,-
1762175078.368796,Cmtc8cfPmr1ifPCuf,192.168.7.101,60584,91.105.192.100,80,1,POST,91.105.192.100:80,/api,-,1.1,Mozilla/5.0,-,152,100,200,OK,-,-,(empty),-,-,-,FwBIV32mvuVuT9NSDf,-,-,FFHf7R32gVBSFn8jg4,-,-
1762175129.151563,Czz8LN1QbTsXCejRT2,192.168.7.101,55015,91.105.192.100,80,1,POST,91.105.192.100:80,/api,-,1.1,Mozilla/5.0,-,196,160,200,OK,-,-,(empty),-,-,-,FhEDn22oD4rjSJMH18,-,-,F0qLB54chbffVSZvl1,-,-
1762175163.602074,CXmdwWgSRxMuXrVz,192.168.7.205,36590,185.125.190.98,80,1,GET,connectivity-check.ubuntu.com,/,-,1.1,-,-,0,0,204,No Content,-,-,(empty),-,-,-,-,-,-,-,-,-
1762175463.601622,CVH9iH1lOKBFbp49Qe,192.168.7.205,59384,185.125.190.18,80,1,GET,connectivity-check.ubuntu.com,/,-,1.1,-,-,0,0,204,No Content,-,-,(empty),-,-,-,-,-,-,-,-,-
1762175763.601231,CrEAaGkQfy1YUKDD3,192.168.7.205,50008,185.125.190.17,80,1,GET,connectivity-check.ubuntu.com,/,-,1.1,-,-,0,0,204,No Content,-,-,(empty),-,-,-,-,-,-,-,-,-
1762175944.190156,CvYUF42W2VFRWgUNRb,192.168.7.101,62362,91.105.192.100,80,1,POST,91.105.192.100:80,/api,-,1.1,Mozilla/5.0,-,104,84,200,OK,-,-,(empty),-,-,-,FUYm3r1Uzgv2buprge,-,-,FM9Jf33N9xZYlpj434,-,-
1762175980.871208,CqbkTpbPFThNiSvGi,192.168.7.101,50261,2.17.190.73,80,1,GET,ocsp.digicert.com,/MFEwTzBNMEswSTAJBgUrDgMCGgUABBTrjrydRyt+ApF3GSPypfHBxR5XtQQUs9tIpPmhxdiuNkHMEWNpYim8S8YCEA+4p0C5FY0DUUO8WdnwQCk=,-,1.1,Microsoft-CryptoAPI/10.0,-,0,313,200,OK,-,-,(empty),-,-,-,-,-,-,FX8HtpHNEy6z95vja,-,application/ocsp-response
1762175980.985117,CqbkTpbPFThNiSvGi,192.168.7.101,50261,2.17.190.73,80,2,GET,ocsp.digicert.com,/MFEwTzBNMEswSTAJBgUrDgMCGgUABBSE67Nbq3jfQQg8yXEpbmqLTNn7XwQUm1+wNrqdBq4ZJ73AoCLAi4s4d+0CEAPUIQctQ9Ygvnv7/v5Qk8I=,-,1.1,Microsoft-CryptoAPI/10.0,-,0,313,200,OK,-,-,(empty),-,-,-,-,-,-,F985ML2yM7Y7CR7NB7,-,application/ocsp-response
1762175981.068908,CqbkTpbPFThNiSvGi,192.168.7.101,50261,2.17.190.73,80,3,GET,ocsp.digicert.com,/MFEwTzBNMEswSTAJBgUrDgMCGgUABBTjzY2p9Pa8oibmj+NSMWsz63kmWgQUuhbZbU2FL3MpdpovdYxqII+eyG8CEAVEr/OUnQg5pr/bP1/lYRY=,-,1.1,Microsoft-CryptoAPI/10.0,-,0,727,200,OK,-,-,(empty),-,-,-,-,-,-,FRJ4Jq2HkfBidQ3npb,-,application/ocsp-response
1762175981.629515,CEfGFD4QIWJi8Ttpdi,192.168.7.101,50264,2.17.190.73,80,1,GET,ocsp.digicert.com,/MFEwTzBNMEswSTAJBgUrDgMCGgUABBSY+QAyqcBl6zxPqFEOTI24pxAWAwQUpbTW6zbE52um38RkCwEqIAS4ZiMCEAcn6mNtr21rkdjBTA3SYq8=,-,1.1,Microsoft-CryptoAPI/10.0,-,0,727,200,OK,-,-,(empty),-,-,-,-,-,-,FQTZOi3aIHuQi9HF6d,-,application/ocsp-response
1762175982.826984,CRcBqr1s5C4XrPJIB3,192.168.7.101,50267,192.168.7.1,80,1,HEAD,192.168.7.1,/,-,1.1,-,-,0,0,200,OK,-,-,(empty),-,-,-,-,-,-,-,-,-
1762176063.661083,Czod4VA9xLyGvoa98,192.168.7.205,57038,91.189.91.97,80,1,GET,connectivity-check.ubuntu.com,/,-,1.1,-,-,0,0,204,No Content,-,-,(empty),-,-,-,-,-,-,-,-,-
1762176120.266977,COhW660MFkZ7D4MK6,192.168.7.101,56341,91.105.192.100,80,1,POST,91.105.192.100:80,/api,-,1.1,Mozilla/5.0,-,40,84,200,OK,-,-,(empty),-,-,-,FN3bA22SKeipITqHlc,-,-,FJr8Fi2P913w9Uh00l,-,-
1762176179.259741,CwMiuR33MEYfcq8Xj,192.168.7.101,49246,91.105.192.100,80,1,POST,91.105.192.100:80,/api,-,1.1,Mozilla/5.0,-,92,144,200,OK,-,-,(empty),-,-,-,F15OlX3HdoqhomI6fg,-,-,F0mGdU3hQZZWCf1VSa,-,-
1762176276.141892,CQA0R33S5JnwAGU9k,192.168.7.101,50262,91.105.192.100,80,1,POST,91.105.192.100:80,/api,-,1.1,Mozilla/5.0,-,60,168,200,OK,-,-,(empty),-,-,-,Ffh6Vr3OZ7cnPEvd49,-,-,F87XpE3oUALXwbr839,-,-
1762176363.663340,CyjRH74GPjOqP4VGYa,192.168.7.205,57760,91.189.91.96,80,1,GET,connectivity-check.ubuntu.com,/,-,1.1,-,-,0,0,204,No Content,-,-,(empty),-,-,-,-,-,-,-,-,-
1762176663.665109,CQbE8d46gZ74wx2Isd,192.168.7.205,51060,91.189.91.49,80,1,GET,connectivity-check.ubuntu.com,/,-,1.1,-,-,0,0,204,No Content,-,-,(empty),-,-,-,-,-,-,-,-,-
